cohort,analysis,drug,theta_pp,ci_lo,ci_hi,p,interpretation
MGB,recency,FQ,8.871973321827443,8.472205190352947,9.27174145330194,0.0,+8.9pp per recency tier
Stanford,recency,FQ,11.785866640008088,11.1297787731177,12.441954506898476,1.4817140188158238e-271,+11.8pp per recency tier
MIMIC-IV,duration,FQ,4.605199987048662,3.8730114447193156,5.33738852937801,6.4445036063055e-35,+4.6pp per duration tier
