cohort,analysis,drug,theta_pp,ci_lo,ci_hi,p,interpretation
MGB,recency,FQ,8.864404988866564,8.464844999803727,9.263964977929403,0.0,+8.9pp per recency tier
Stanford,recency,FQ,11.790490956850473,11.13402732616737,12.446954587533575,1.8530417510597488e-271,+11.8pp per recency tier
MIMIC-IV,duration,FQ,4.833195647123572,4.040238857185138,5.626152437062007,6.789119199657971e-33,+4.8pp per duration tier
