cohort,analysis,drug,theta_pp,ci_lo,ci_hi,p,interpretation
MGB,recency,FQ,8.882541405040799,8.482959822082309,9.282122987999289,0.0,+8.9pp per recency tier
Stanford,recency,FQ,11.756013574463436,11.099980996739136,12.412046152187738,3.080477952506323e-270,+11.8pp per recency tier
MIMIC-IV,duration,FQ,4.8212900934257314,4.027555791123792,5.615024395727671,1.1121430991156813e-32,+4.8pp per duration tier
