label,Q,I2,p_Q,pool_theta,heterogeneity
FQ,3565062.016225082,99.99994389999414,0.0,11.211792532304656,🔴 High
Ceph3,587438.7233848595,99.99965953895779,0.0,4.233528806446762,🔴 High
Carb/CRE,33358.00094182085,99.99400443688612,0.0,4.718445338643588,🔴 High
Glyco/VRE,309859.8532018311,99.99935454690907,0.0,3.502771039886593,🔴 High
Sulfa,180752.6799826939,99.99944675785714,0.0,15.543064301136594,🔴 High
ESP,28685.839213970965,99.9930279188101,0.0,4.084483690091381,🔴 High
Amino,173334.80093985426,99.99884616361564,0.0,5.994332781752822,🔴 High
