label,Q,I2,p_Q,pool_theta,heterogeneity
FQ,3451382.4391151527,99.9999420522056,0.0,11.181714676327045,🔴 High
Ceph3,617423.6144816933,99.99967607329019,0.0,4.239940552741755,🔴 High
Carb/CRE,30773.303886508344,99.99350086033215,0.0,4.711115052626971,🔴 High
Glyco/VRE,316736.53050429345,99.99936856036251,0.0,3.493491687035135,🔴 High
Sulfa,192489.5132687942,99.99948049117948,0.0,15.620586146254437,🔴 High
ESP,32263.30940956352,99.99380100790464,0.0,4.081759765552471,🔴 High
Amino,157364.38393277227,99.99872906438546,0.0,6.016804577653059,🔴 High
