label,Q,I2,p_Q,pool_theta,heterogeneity
FQ,2557991.6491308594,99.99992181366187,0.0,11.873267935823092,🔴 High
Ceph3,420204.47153289896,99.99952404123815,0.0,4.577464316629741,🔴 High
Carb/CRE,11720.805380811764,99.98293632617367,0.0,4.957172260587906,🔴 High
Glyco/VRE,216418.0492244686,99.99907586266157,0.0,3.819339610584985,🔴 High
Sulfa,192489.5132687942,99.99948049117948,0.0,15.620586146254437,🔴 High
ESP,40903.34555556107,99.99511042440946,0.0,4.247751578246048,🔴 High
Amino,189927.45853749666,99.9989469663758,0.0,6.171957163368492,🔴 High
