label,Q,I2,p_Q,pool_theta,heterogeneity
FQ,2863451.6055326154,99.9999301542238,0.0,11.612430286987488,🔴 High
Ceph3,405988.08203257556,99.99950737470175,0.0,4.598419949587402,🔴 High
Carb/CRE,20086.21704217439,99.9900429234843,0.0,4.832477064626055,🔴 High
Glyco/VRE,249766.51190409123,99.99919925213962,0.0,3.729193275471931,🔴 High
Sulfa,192489.5132687942,99.99948049117948,0.0,15.620586146254437,🔴 High
ESP,34207.277807790364,99.99415329097148,0.0,4.143128378143714,🔴 High
Amino,177668.0311257882,99.99887430508048,0.0,6.081144128017267,🔴 High
