stratum,pair,theta_pp,ci_low,ci_high,p,n
Non-ICU,FQ → FQ Resistance,9.548513098320578,8.971862225609161,10.125163971031995,4.7260708347026196e-231,238314
ICU,FQ → FQ Resistance,7.130728147365126,6.463827884453605,7.797628410276647,1.633037218140489e-97,63494
Non-ICU,Ceph3 → Ceph3 Resistance,4.070381653213408,3.655789657226488,4.484973649200328,1.6303306058429395e-82,238314
ICU,Ceph3 → Ceph3 Resistance,2.9734031584889182,2.503039872148751,3.4437664448290857,2.963419112901396e-35,63494
Non-ICU,Carb → CRE,3.4078084737113725,2.9069931849112907,3.908623762511455,1.4174681882245018e-40,238314
ICU,Carb → CRE,5.397769394165131,4.867761007512242,5.927777780818019,1.205712183926091e-88,63494
Non-ICU,Glyco → VRE,3.45169798634726,3.2016206923763035,3.7017752803182167,3.574112687626601e-161,238314
ICU,Glyco → VRE,3.0195786279818035,2.7494296162279026,3.2897276397357045,2.2078256720065057e-106,63494
