stratum,pair,theta_pp,ci_low,ci_high,p,n
Non-ICU,FQ → FQ Resistance,10.618407222242343,9.97081905544022,11.265995389044466,1.3316131641278546e-226,195476
ICU,FQ → FQ Resistance,7.470783867993734,6.775234893325111,8.166332842662358,2.2076401590110397e-98,60266
Non-ICU,Ceph3 → Ceph3 Resistance,4.553973584039465,4.081867116461282,5.026080051617647,1.0187588897166e-79,195476
ICU,Ceph3 → Ceph3 Resistance,3.2876931192130145,2.7875959455974817,3.7877902928285465,5.466413490189656e-38,60266
Non-ICU,Carb → CRE,3.657867084390635,3.109381465831656,4.206352702949614,4.819010153561681e-39,195476
ICU,Carb → CRE,5.695137022385531,5.136432191447338,6.253841853323723,8.418973651905661e-89,60266
Non-ICU,Glyco → VRE,3.866629081026897,3.5829794915778965,4.150278670475897,2.934764014855723e-157,195476
ICU,Glyco → VRE,3.2439914890600505,2.959800313493866,3.5281826646262346,7.270657231432232e-111,60266
