stratum,pair,theta_pp,ci_low,ci_high,p,n
Non-ICU,FQ → FQ Resistance,9.571644990721813,8.994788778703612,10.148501202740015,5.3418934145268236e-232,238314
ICU,FQ → FQ Resistance,7.148551324948571,6.481301138782458,7.8158015111146835,6.844028088444048e-98,63494
Non-ICU,Ceph3 → Ceph3 Resistance,4.077679219730618,3.6629671994986417,4.492391239962595,9.327483698081749e-83,238314
ICU,Ceph3 → Ceph3 Resistance,2.9780700884654983,2.5073908295991605,3.4487493473318356,2.579687479366323e-35,63494
Non-ICU,Carb → CRE,3.4073376978200725,2.90594392482183,3.908731470818315,1.7856062263704755e-40,238314
ICU,Carb → CRE,5.401107208500912,4.870889591537721,5.931324825464103,1.1027226765646371e-88,63494
Non-ICU,Glyco → VRE,3.4551219303146343,3.2049885945892145,3.705255266040054,2.0358508139716122e-161,238314
ICU,Glyco → VRE,3.027038997716282,2.7564859724075106,3.297592023025054,1.381962518215369e-106,63494
