theta,theta_pp,ci_low,ci_high,se,p_value,n,n_treated,boot_n,cohort,t_col,y_col,label,naive_pp
0.1478242780174238,14.78242780174238,14.09385069882759,15.471004904657168,0.003513213040373168,0.0,145445,24096,200,MGB,T_fq_90d,Y_fq_resistant,FQ,18.898301442448712
0.05550952357711532,5.550952357711532,5.036084628727162,6.0658200866959024,0.002626924438640613,4.127694328946109e-99,120126,40225,200,MGB,T_ceph3_90d,Y_ceph3_resistant,Ceph3,10.892459841676823
0.05327525413014992,5.327525413014992,4.535570276355654,6.11948054967433,0.004040661680041976,1.0736011358923367e-39,108508,7620,200,MGB,T_carb_90d,Y_carb_resistant,Carb/CRE,11.472881442709996
0.047428395833006745,4.7428395833006745,4.223863705635521,5.261815460965828,0.002647884766040441,9.53912314632314e-72,41836,16989,200,MGB,T_glyco_90d,Y_glyco_resistant,Glyco/VRE,8.196485405508955
0.15806746014805756,15.806746014805755,14.989207047599756,16.624284982011755,0.004171193826287836,0.0,135525,12973,200,MGB,T_sulfa_90d,Y_sulfa_resistant,Sulfa,18.950430747200013
0.03911404779011639,3.911404779011639,3.336255491612998,4.48655406641028,0.002934489061714118,1.568136373438384e-40,113827,15144,200,MGB,T_esp_90d,Y_esp_resistant,ESP,8.536189109248143
0.03254434689593519,3.254434689593519,1.7815794281586979,4.7272899510283395,0.007514705744863248,1.4859917995800677e-05,142622,2199,200,MGB,T_amino_90d,Y_amino_resistant,Amino,8.537995688897837
