theta,theta_pp,ci_low,ci_high,se,p_value,n,n_treated,boot_n,cohort,t_col,y_col,label,naive_pp
0.14723554439513578,14.723554439513578,14.035355951766782,15.411752927260375,0.0035112812948361106,0.0,145445,24096,1000,MGB,T_fq_90d,Y_fq_resistant,FQ,18.898301442448712
0.055169870065181655,5.516987006518166,5.001804572893573,6.0321694401427575,0.0026285301040645933,8.289742830523245e-98,120126,40225,1000,MGB,T_ceph3_90d,Y_ceph3_resistant,Ceph3,10.892459841676823
0.05266950051973697,5.266950051973697,4.474101368571795,6.059798735375598,0.004045220675766445,9.394943082283643e-39,108508,7620,1000,MGB,T_carb_90d,Y_carb_resistant,Carb/CRE,11.472881442709996
0.04791666271088796,4.791666271088796,4.272481986689449,5.310850555488143,0.0026489480852434338,3.8950762576074016e-73,41836,16989,1000,MGB,T_glyco_90d,Y_glyco_resistant,Glyco/VRE,8.196485405508955
0.1588990696002607,15.889906960026071,15.072591028301435,16.707222891750707,0.004170055869248211,0.0,135525,12973,1000,MGB,T_sulfa_90d,Y_sulfa_resistant,Sulfa,18.950430747200013
0.03911404779011639,3.911404779011639,3.336255491612998,4.48655406641028,0.002934489061714118,1.568136373438384e-40,113827,15144,1000,MGB,T_esp_90d,Y_esp_resistant,ESP,8.536189109248143
0.03308632123991977,3.3086321239919774,1.8350339922654064,4.782230255718548,0.007518495969059255,1.0792365207914482e-05,142622,2199,1000,MGB,T_amino_90d,Y_amino_resistant,Amino,8.537995688897837
