theta,theta_pp,ci_low,ci_high,se,p_value,n,n_treated,boot_n,cohort,t_col,y_col,label,naive_pp
0.08670762275304636,8.670762275304636,8.233851616586744,9.107672934022528,0.00222917697551683,0.0,301808,39261,1000,MIMIC-IV,T_fq_90d,Y_fq_resistant,FQ,10.668148395687888
0.03636624835345346,3.6366248353453456,3.325779745268113,3.947469925422579,0.001585973479763605,2.3374950517028784e-116,301808,37141,1000,MIMIC-IV,T_ceph3_90d,Y_ceph3_resistant,Ceph3,4.985834366548207
0.045719896792243635,4.571989679224363,4.20425166967104,4.939727688777687,0.0018762488109679244,3.7627347464163555e-131,301808,16404,1000,MIMIC-IV,T_carb_90d,Y_carb_resistant,Carb/CRE,5.420403627346857
0.033159833627989924,3.3159833627989923,3.1303004535406886,3.501666272057296,0.0009473791902450601,2.1235665645119816e-268,301808,68524,1000,MIMIC-IV,T_glyco_90d,Y_glyco_resistant,Glyco/VRE,4.220205130001931
0.04106685512054527,4.1066855120545265,3.7163224495360443,4.497048574573009,0.0019916848758324956,1.8476489110245704e-94,301808,36320,1000,MIMIC-IV,T_esp_90d,Y_esp_resistant,ESP,3.425837078742669
0.06663419706075668,6.663419706075668,5.852362909032969,7.4744765031183675,0.004138120921813926,2.449016148114343e-58,301808,6346,1000,MIMIC-IV,T_amino_90d,Y_amino_resistant,Amino,7.701645406161443
