theta,theta_pp,ci_low,ci_high,se,p_value,n,n_treated,boot_n,cohort,t_col,y_col,label,naive_pp
0.09092364073404448,9.092364073404449,8.627387518768337,9.557340628040558,0.0023723729532980522,0.0,255742,37616,1000,MIMIC-IV,T_fq_90d,Y_fq_resistant,FQ,11.038987489009324
0.040670090812717816,4.067009081271782,3.728999283101903,4.40501887944166,0.0017245714759865794,5.797731950029215e-123,255742,34903,1000,MIMIC-IV,T_ceph3_90d,Y_ceph3_resistant,Ceph3,5.3009038636303245
0.047124784801288,4.7124784801288,4.327933555763344,5.097023404494256,0.001961999952033291,1.771449103084842e-127,255742,15902,1000,MIMIC-IV,T_carb_90d,Y_carb_resistant,Carb/CRE,5.771908455467187
0.03549932122575013,3.549932122575013,3.3503833224520876,3.7494809226979378,0.001018124831358842,2.323802217370987e-266,255742,65611,1000,MIMIC-IV,T_glyco_90d,Y_glyco_resistant,Glyco/VRE,4.508942840250743
0.04206039526241883,4.206039526241883,3.7875515647631386,4.624527487720628,0.0021351818950742173,2.2104842953681715e-86,255742,34627,1000,MIMIC-IV,T_esp_90d,Y_esp_resistant,ESP,2.806641112765383
0.06839537157208835,6.839537157208834,5.994562874181914,7.684511440235756,0.004311172499555964,1.1128345980897268e-56,255742,6181,1000,MIMIC-IV,T_amino_90d,Y_amino_resistant,Amino,7.759034020834907
