theta,theta_pp,ci_low,ci_high,se,p_value,n,n_treated,boot_n,cohort,t_col,y_col,label,naive_pp
0.08670762275304636,8.670762275304636,8.233851616586744,9.107672934022528,0.00222917697551683,0.0,301808,39261,200,MIMIC-IV,T_fq_90d,Y_fq_resistant,FQ,10.668148395687888
0.03636624835345346,3.6366248353453456,3.325779745268113,3.947469925422579,0.001585973479763605,2.3374950517028784e-116,301808,37141,200,MIMIC-IV,T_ceph3_90d,Y_ceph3_resistant,Ceph3,4.985834366548207
0.045719896792243635,4.571989679224363,4.20425166967104,4.939727688777687,0.0018762488109679244,3.7627347464163555e-131,301808,16404,200,MIMIC-IV,T_carb_90d,Y_carb_resistant,Carb/CRE,5.420403627346857
0.033252000205960065,3.3252000205960064,3.1394948047755333,3.51090523641648,0.0009474930013270226,8.114786621219478e-270,301808,68524,200,MIMIC-IV,T_glyco_90d,Y_glyco_resistant,Glyco/VRE,4.220205130001931
0.04113722129244976,4.113722129244976,3.7231406592561362,4.504303599233816,0.001992799220137192,1.1299287359601282e-94,301808,36320,200,MIMIC-IV,T_esp_90d,Y_esp_resistant,ESP,3.425837078742669
0.06666522228335284,6.666522228335284,5.855455410408532,7.477589046262036,0.004138172049712871,2.176433973760701e-58,301808,6346,200,MIMIC-IV,T_amino_90d,Y_amino_resistant,Amino,7.701645406161443
