label,true_theta,empirical_p
FQ→FQ,13.087446891561436,0.0
Carb→CRE,4.904539186484534,0.0
