label,true_theta,empirical_p
FQ→FQ,13.002843361127251,0.0
Carb→CRE,4.9787363745208895,0.0
