label,true_theta,empirical_p
FQ→FQ,12.996963558640799,0.0
Carb→CRE,4.964196414505215,0.0
