label,true_theta,empirical_p
FQ→FQ,13.025227771897658,0.0
Carb→CRE,4.985935997708125,0.0
