theta,theta_pp,ci_low,ci_high,se,p_value,n,n_treated,boot_n,cohort,t_col,y_col,label,naive_pp
0.16763164169228284,16.763164169228283,15.783195394722613,17.743132943733954,0.004999932561187545,1.962860076575787e-246,113099,11035,200,Stanford,T_fq_90d,Y_fq_resistant,FQ,23.45405075756548
0.08420792419151231,8.420792419151232,6.558850035065141,10.282734803237322,0.009499880603790959,7.712214190164953e-19,78984,2111,200,Stanford,T_ceph3_90d,Y_ceph3_resistant,Ceph3,11.441728811785223
0.05775516128514399,5.775516128514399,2.7017270613903994,8.849305195638399,0.015682885457945436,0.00023078829072999046,66930,385,200,Stanford,T_carb_90d,Y_carb_resistant,Carb/CRE,8.032607560746413
0.06150146908504277,6.150146908504277,3.9458373122729067,8.354456504735646,0.011246684192253954,4.5409308941601706e-08,23748,903,200,Stanford,T_glyco_90d,Y_glyco_resistant,Glyco/VRE,9.753510040581153
0.03879903774242112,3.879903774242112,-1.5573121773956158,9.31711972587984,0.027741407467309572,0.16193399104940776,97995,295,200,Stanford,T_sulfa_90d,Y_sulfa_resistant,Sulfa,9.497337057405058
0.06046675102615086,6.046675102615086,3.6139640756694527,8.47938612956072,0.012412019027566565,1.106818962167681e-06,81727,622,200,Stanford,T_esp_90d,Y_esp_resistant,ESP,8.448527780767696
0.07506638668220829,7.506638668220829,5.002668734823382,10.010608601618276,0.012775591557541072,4.208924839945781e-09,103104,1134,200,Stanford,T_amino_90d,Y_amino_resistant,Amino,12.46155498582683
