group,pair,theta_pp,ci_low,ci_high,p
Low deprivation (ADI Q1-Q3),FQ → FQ Resistance,14.592164613889699,13.882742760899323,15.301586466880076,0.0
High deprivation (ADI Q4),FQ → FQ Resistance,17.456891550156186,14.153263339210929,20.760519761101445,3.8995492973159626e-25
Low deprivation (ADI Q1-Q3),Ceph3 → Ceph3 Resistance,4.884349000861928,4.356074809274153,5.4126231924497015,2.154322507430117e-73
High deprivation (ADI Q4),Ceph3 → Ceph3 Resistance,6.584512063564076,4.010722946499699,9.158301180628452,5.3263921320314e-07
Low deprivation (ADI Q1-Q3),Carb → CRE,4.397756007564523,3.6115534376807013,5.183958577448344,5.73131122378291e-28
High deprivation (ADI Q4),Carb → CRE,11.069961647303895,6.738211852263349,15.40171144234444,5.477979491129887e-07
Low deprivation (ADI Q1-Q3),Glyco → VRE,4.654877040632164,4.118156017961586,5.1915980633027425,8.441154776961327e-65
High deprivation (ADI Q4),Glyco → VRE,5.891967619189716,3.416738152832726,8.367197085546705,3.0795143683504713e-06
