group,pair,theta_pp,ci_low,ci_high,p
Low deprivation (ADI Q1-Q3),FQ → FQ Resistance,14.512001139316178,13.802348321357385,15.221653957274969,0.0
High deprivation (ADI Q4),FQ → FQ Resistance,16.299345122854476,12.997618226139881,19.60107201956907,3.829066255136138e-22
Low deprivation (ADI Q1-Q3),Ceph3 → Ceph3 Resistance,4.895307352257313,4.366924824445341,5.423689880069285,1.1001946659985182e-73
High deprivation (ADI Q4),Ceph3 → Ceph3 Resistance,5.617087007201374,3.106470502436063,8.127703511966686,1.1593594495857975e-05
Low deprivation (ADI Q1-Q3),Carb → CRE,4.4042929644056,3.6152234175109577,5.193362511300242,7.437150761643751e-28
High deprivation (ADI Q4),Carb → CRE,12.051114664987708,7.7537643217531755,16.348465008222238,3.877279180086032e-08
Low deprivation (ADI Q1-Q3),Glyco → VRE,4.594990499766084,4.054875700732576,5.1351052987995915,2.0168556946998307e-62
High deprivation (ADI Q4),Glyco → VRE,6.619898759540519,4.073805519628228,9.165991999452812,3.4699721079098405e-07
