group,pair,theta_pp,ci_low,ci_high,p
Low deprivation (ADI Q1-Q3),FQ → FQ Resistance,14.592032774913028,13.882234541400006,15.301831008426047,0.0
High deprivation (ADI Q4),FQ → FQ Resistance,17.218740520487895,13.870419592008037,20.56706144896775,6.83389439874068e-24
Low deprivation (ADI Q1-Q3),Ceph3 → Ceph3 Resistance,4.887481593969608,4.358712609086972,5.416250578852244,2.3741229149566214e-73
High deprivation (ADI Q4),Ceph3 → Ceph3 Resistance,6.633250777003004,4.062855628483809,9.2036459255222,4.237853627659029e-07
Low deprivation (ADI Q1-Q3),Carb → CRE,4.412279808083236,3.621644306589438,5.202915309577034,7.591999193626518e-28
High deprivation (ADI Q4),Carb → CRE,12.527304090351235,8.054641698890666,16.999966481811803,4.028769255954646e-08
Low deprivation (ADI Q1-Q3),Glyco → VRE,4.606698854272436,4.067127891550537,5.146269816994335,7.459228161756919e-63
High deprivation (ADI Q4),Glyco → VRE,5.239370691392085,2.750401661392325,7.728339721391844,3.694550502069811e-05
